item,itemLabel,startDate,endDate,psid
Q12210050,Khalid bin Mohammed Al Qasimi,1965-06-24,1972-01-24,Q12210050-55611FC5-A94C-4A15-B781-0A2D108EF35F
Q12220103,Saqr III bin Sultan al-Qasimi,1951-05,1965-06-24,Q12220103-27438C96-3015-41CB-8CE4-F8C60BCB6BD5
Q12220103,Saqr III bin Sultan al-Qasimi,1840,1840,Q12220103-589C4172-DA9C-4B32-8EA2-2B73F5E9AE68
Q57164122,Khalid bin Ahmad Al Qasimi,1914-04-03,1924-11-21,Q57164122-D46536B6-7278-429E-9E22-CE3438D66225
Q57164210,Salim bin Sultan Al Qasimi,1868-04-14,1883-03,Q57164210-603C1991-CBA6-44E1-8071-C7EAF6976440
Q57164220,Saqr bin Khalid Al Qasimi,1883-03,1914,Q57164220-42DFA009-CFCD-480F-8FAA-4CD44199FF39
Q57164232,Saqr bin Rashid Al Qasimi,1777,1803,Q57164232-D9F68734-D759-498D-AF11-B17C9CB3446C
Q57164266,Sultan bin Saqr Al Qasimi II,1924-11-21,1951,Q57164266-CBBDC577-7281-431F-8584-B9C7698DCDD6
Q60785755,Khalid bin Sultan Al Qasimi,1866,1868-04-14,Q60785755-D64A58B3-D586-4318-B27C-154F8E161C0F
Q60785778,Rashid bin Matar Al Qasimi,1727,1777,Q60785778-62B11978-B7A4-4238-BA78-961D1B495389
Q6800497,Sultan bin Saqr Al Qasimi,1840,1866,Q6800497-0C3A4BA3-223E-4170-BEF2-390900968226
Q6800497,Sultan bin Saqr Al Qasimi,1803,1840,Q6800497-8C134293-73F6-45CF-9F8D-3FB746929CCD
Q754778,Sultan bin Mohamed Al-Qasimi,1972,1987-06-17,Q754778-2BA01DFC-390A-4D22-8587-07E83AA39FE2
Q754778,Sultan bin Mohamed Al-Qasimi,1987-06-23,,Q754778-E3BAE52E-CD66-463C-9672-328A846D3575
